chunk_chars_max_mean,chunk_placeholder_avg_mean,chunk_placeholder_max_mean,client_wall_ms_max,client_wall_ms_mean,client_wall_ms_min,client_wall_ms_p50,client_wall_ms_p90,client_wall_ms_p95,count,deterministic_reduction_mean,deterministic_tokens_saved_mean,duplicate_block_candidate_count_mean,duplicate_block_candidate_tokens_mean,error_count,group_type,html_markdown_tokens_saved_mean,html_ratio_target,input_chars_mean,json_minify_tokens_saved_mean,json_ratio_target,literal_placeholder_count_mean,literal_placeholder_tokens_saved_mean,llmlingua_call_count_mean,llmlingua_call_count_sum,model_candidate_tokens_mean,model_chunk_count_mean,model_chunk_count_sum,model_expected_incremental_reduction_mean,model_expected_incremental_savings_tokens_mean,model_incremental_reduction_mean,model_incremental_tokens_saved_mean,model_input_chars_mean,model_projected_latency_ms_mean,nocompress_wrapper_tokens_saved_mean,output_chars_mean,reduction_mean,response_compressed_tokens_mean,response_original_tokens_mean,response_tokens_saved_mean,server_elapsed_ms_max,server_elapsed_ms_mean,server_elapsed_ms_min,server_elapsed_ms_p50,server_elapsed_ms_p90,server_elapsed_ms_p95,skipped_model_chunk_count_mean,skipped_model_chunk_count_sum,success_count,synthetic_html_tokens_mean,synthetic_input_tokens_mean,synthetic_json_tokens_mean,target_tokens,timing_diagnostics_ms_max,timing_diagnostics_ms_mean,timing_diagnostics_ms_min,timing_diagnostics_ms_p50,timing_diagnostics_ms_p90,timing_diagnostics_ms_p95,timing_llmlingua_ms_max,timing_llmlingua_ms_mean,timing_llmlingua_ms_min,timing_llmlingua_ms_p50,timing_llmlingua_ms_p90,timing_llmlingua_ms_p95,timing_model_gate_ms_max,timing_model_gate_ms_mean,timing_model_gate_ms_min,timing_model_gate_ms_p50,timing_model_gate_ms_p90,timing_model_gate_ms_p95,timing_model_load_ms_max,timing_model_load_ms_mean,timing_model_load_ms_min,timing_model_load_ms_p50,timing_model_load_ms_p90,timing_model_load_ms_p95,timing_preprocessing_ms_max,timing_preprocessing_ms_mean,timing_preprocessing_ms_min,timing_preprocessing_ms_p50,timing_preprocessing_ms_p90,timing_preprocessing_ms_p95,timing_segment_selection_ms_max,timing_segment_selection_ms_mean,timing_segment_selection_ms_min,timing_segment_selection_ms_p50,timing_segment_selection_ms_p90,timing_segment_selection_ms_p95,timing_token_estimate_ms_max,timing_token_estimate_ms_mean,timing_token_estimate_ms_min,timing_token_estimate_ms_p50,timing_token_estimate_ms_p90,timing_token_estimate_ms_p95,timing_total_ms_max,timing_total_ms_mean,timing_total_ms_min,timing_total_ms_p50,timing_total_ms_p90,timing_total_ms_p95,toon_tokens_saved_mean,whitespace_tokens_saved_mean
9420.0,76.47849462365592,80.0,6783.615899970755,3157.959759995962,882.8003999660723,1941.3463000091724,6766.245140018873,6772.705420013517,15,0.0,0.0,0.0,0.0,0,overall,0.0,,138261.0,0.0,,0.0,0.0,13.666666666666666,205.0,36944.333333333336,13.666666666666666,205.0,0.039999999999999994,1477.0,0.08565034022922485,3121.6666666666665,121871.33333333333,,0.0,120221.66666666667,0.08565034022922484,33822.666666666664,36944.333333333336,3121.6666666666665,6336.896928999998,2857.304087333332,682.8248470000027,1681.7979639999976,6296.823390999998,6318.859634199998,0.0,0.0,15,0.0,28070.333333333332,0.0,,985.6070809999977,560.7520462666661,260.26782699999984,420.9420709999989,983.1464609999955,985.0815405999954,2907.9341819999768,1263.609783733326,185.33126399999844,716.1683209999978,2902.2168111999745,2907.7329893999777,210.41383699999727,87.53942760000086,12.442864000000498,49.08170699999914,198.7960474000019,202.54367539999689,0.007535000001723802,0.006618800000524061,0.005798000000112324,0.006536000000778586,0.007342800006426842,0.00745030000715019,4.5820060000068,2.0516694666677417,0.3508200000013062,1.2191049999970005,4.560166400000298,4.5685478000024204,273.60888099999414,134.9335629333337,45.05788899999885,85.69209699999902,266.31834140000166,270.51938340000135,804.0563280000085,387.93132626666727,127.24182000000184,246.6830540000018,775.8579024000056,786.3829674000051,6336.896928999998,2857.304087333332,682.8248470000027,1681.7979639999976,6296.823390999998,6318.859634199998,0.0,0.0
9420.0,76.0,80.0,950.4888000083156,910.97045999486,882.8003999660723,916.2543999846093,937.5852800090797,944.0370400086977,5,0.0,0.0,0.0,0.0,0,target_tokens,0.0,,20115.0,0.0,,0.0,0.0,2.0,10.0,5273.0,2.0,10.0,0.039999999999999994,210.0,0.08742651242177128,461.0,17758.0,,0.0,17504.0,0.08742651242177124,4812.0,5273.0,461.0,779.2952620000016,732.9718922000013,682.8248470000027,740.0230110000017,767.716552000001,773.5059070000012,0.0,0.0,5,0.0,4079.0,0.0,4000,323.70360199999834,293.9993161999993,260.26782699999984,298.0915700000004,315.3373359999982,319.5204689999983,192.84242799999873,187.65275379999977,185.33126399999844,186.5589550000024,190.66274319999934,191.75258559999904,13.061011000001344,12.648092400000621,12.442864000000498,12.558936000001353,12.91689379999994,12.988952400000642,0.00658500000128015,0.006174800000025016,0.005798000000112324,0.0061389999999050815,0.0065402000004155525,0.006562600000847851,0.4515179999984298,0.38733300000117765,0.3508200000013062,0.37873000000132606,0.42980919999990874,0.44066359999916926,59.83333400000035,53.73985799999944,45.05788899999885,56.38685399999943,59.52304400000017,59.67818900000026,158.71988299999984,146.16425940000042,127.24182000000184,152.55155600000236,158.22096540000032,158.47042420000008,779.2952620000016,732.9718922000013,682.8248470000027,740.0230110000017,767.716552000001,773.5059070000012,0.0,0.0
9420.0,75.5,80.0,1990.954499982763,1949.1281399969012,1922.3607999738306,1941.3463000091724,1979.0054199867882,1984.9799599847756,5,0.0,0.0,0.0,0.0,0,target_tokens,0.0,,79101.0,0.0,,0.0,0.0,8.0,40.0,20949.0,8.0,40.0,0.039999999999999994,837.0,0.08544560599551292,1790.0,69738.0,,0.0,68782.0,0.08544560599551287,19159.0,20949.0,1790.0,1697.1427129999981,1678.459557999998,1650.3777589999977,1681.7979639999976,1694.5551177999973,1695.8489153999978,0.0,0.0,5,0.0,16057.0,0.0,16000,424.3543790000004,413.9273272000011,392.9980750000013,420.9420709999989,423.94094340000237,424.1476612000014,719.129095999996,716.6735225999986,713.9677680000035,716.1683209999978,719.0272587999928,719.0781773999944,49.5143440000021,49.163555600000564,48.76864700000283,49.08170699999914,49.48365440000089,49.49899920000149,0.00683300000048348,0.006418999999624475,0.006149000000732485,0.0063610000005098755,0.006714200000601522,0.006773600000542501,1.2229530000027466,1.214660400001577,1.2015950000012765,1.2191049999970005,1.2217090000021358,1.2223310000024412,88.69682499999954,86.02559019999916,83.2195690000006,85.69209699999902,87.9798409999978,88.33833299999867,254.81774699999704,248.59759699999842,245.63888299999803,246.6830540000018,252.88489899999576,253.8513229999964,1697.1427129999981,1678.459557999998,1650.3777589999977,1681.7979639999976,1694.5551177999973,1695.8489153999978,0.0,0.0
9420.0,77.93548387096774,80.0,6783.615899970755,6613.780679996125,6331.205299997237,6763.568599999417,6777.3813399951905,6780.498619982973,5,0.0,0.0,0.0,0.0,0,target_tokens,0.0,,315567.0,0.0,,0.0,0.0,31.0,155.0,84611.0,31.0,155.0,0.039999999999999994,3384.0,0.08407890227039037,7114.0,278118.0,,0.0,274379.0,0.08407890227039039,77497.0,84611.0,7114.0,6336.896928999998,6160.480811799998,5871.128663999997,6275.364429999996,6326.589903399998,6331.743416199998,0.0,0.0,5,0.0,64075.0,0.0,64000,985.6070809999977,974.3294953999979,944.9238719999969,980.5816889999974,985.3067721999963,985.4569265999969,2907.9341819999768,2886.5030747999795,2832.073279000028,2894.0718819999697,2907.819214799977,2907.876698399977,210.41383699999727,200.8066348000014,198.09496000000593,198.2339950000096,205.91660179999707,208.16521939999717,0.007535000001723802,0.007262600001922692,0.006999999996537554,0.0072360000018534265,0.007486600004824595,0.007510800003274198,4.5820060000068,4.553015000000471,4.530776999999375,4.5562459999999305,4.574315600004297,4.5781608000055485,273.60888099999414,265.03524060000245,259.3418090000057,262.0028839999975,271.84345379999826,272.7261673999962,804.0563280000085,769.032122400003,724.9413769999933,771.4317510000086,793.9572648000067,799.0067964000075,6336.896928999998,6160.480811799998,5871.128663999997,6275.364429999996,6326.589903399998,6331.743416199998,0.0,0.0
9420.0,76.47849462365592,80.0,6783.615899970755,3157.959759995962,882.8003999660723,1941.3463000091724,6766.245140018873,6772.705420013517,15,0.0,0.0,0.0,0.0,0,json_ratio,0.0,,138261.0,0.0,0.0,0.0,0.0,13.666666666666666,205.0,36944.333333333336,13.666666666666666,205.0,0.039999999999999994,1477.0,0.08565034022922485,3121.6666666666665,121871.33333333333,,0.0,120221.66666666667,0.08565034022922484,33822.666666666664,36944.333333333336,3121.6666666666665,6336.896928999998,2857.304087333332,682.8248470000027,1681.7979639999976,6296.823390999998,6318.859634199998,0.0,0.0,15,0.0,28070.333333333332,0.0,,985.6070809999977,560.7520462666661,260.26782699999984,420.9420709999989,983.1464609999955,985.0815405999954,2907.9341819999768,1263.609783733326,185.33126399999844,716.1683209999978,2902.2168111999745,2907.7329893999777,210.41383699999727,87.53942760000086,12.442864000000498,49.08170699999914,198.7960474000019,202.54367539999689,0.007535000001723802,0.006618800000524061,0.005798000000112324,0.006536000000778586,0.007342800006426842,0.00745030000715019,4.5820060000068,2.0516694666677417,0.3508200000013062,1.2191049999970005,4.560166400000298,4.5685478000024204,273.60888099999414,134.9335629333337,45.05788899999885,85.69209699999902,266.31834140000166,270.51938340000135,804.0563280000085,387.93132626666727,127.24182000000184,246.6830540000018,775.8579024000056,786.3829674000051,6336.896928999998,2857.304087333332,682.8248470000027,1681.7979639999976,6296.823390999998,6318.859634199998,0.0,0.0
9420.0,76.47849462365592,80.0,6783.615899970755,3157.959759995962,882.8003999660723,1941.3463000091724,6766.245140018873,6772.705420013517,15,0.0,0.0,0.0,0.0,0,html_ratio,0.0,0.0,138261.0,0.0,,0.0,0.0,13.666666666666666,205.0,36944.333333333336,13.666666666666666,205.0,0.039999999999999994,1477.0,0.08565034022922485,3121.6666666666665,121871.33333333333,,0.0,120221.66666666667,0.08565034022922484,33822.666666666664,36944.333333333336,3121.6666666666665,6336.896928999998,2857.304087333332,682.8248470000027,1681.7979639999976,6296.823390999998,6318.859634199998,0.0,0.0,15,0.0,28070.333333333332,0.0,,985.6070809999977,560.7520462666661,260.26782699999984,420.9420709999989,983.1464609999955,985.0815405999954,2907.9341819999768,1263.609783733326,185.33126399999844,716.1683209999978,2902.2168111999745,2907.7329893999777,210.41383699999727,87.53942760000086,12.442864000000498,49.08170699999914,198.7960474000019,202.54367539999689,0.007535000001723802,0.006618800000524061,0.005798000000112324,0.006536000000778586,0.007342800006426842,0.00745030000715019,4.5820060000068,2.0516694666677417,0.3508200000013062,1.2191049999970005,4.560166400000298,4.5685478000024204,273.60888099999414,134.9335629333337,45.05788899999885,85.69209699999902,266.31834140000166,270.51938340000135,804.0563280000085,387.93132626666727,127.24182000000184,246.6830540000018,775.8579024000056,786.3829674000051,6336.896928999998,2857.304087333332,682.8248470000027,1681.7979639999976,6296.823390999998,6318.859634199998,0.0,0.0
9420.0,76.0,80.0,950.4888000083156,910.97045999486,882.8003999660723,916.2543999846093,937.5852800090797,944.0370400086977,5,0.0,0.0,0.0,0.0,0,target_tokens_json_html_ratio,0.0,0.0,20115.0,0.0,0.0,0.0,0.0,2.0,10.0,5273.0,2.0,10.0,0.039999999999999994,210.0,0.08742651242177128,461.0,17758.0,,0.0,17504.0,0.08742651242177124,4812.0,5273.0,461.0,779.2952620000016,732.9718922000013,682.8248470000027,740.0230110000017,767.716552000001,773.5059070000012,0.0,0.0,5,0.0,4079.0,0.0,4000,323.70360199999834,293.9993161999993,260.26782699999984,298.0915700000004,315.3373359999982,319.5204689999983,192.84242799999873,187.65275379999977,185.33126399999844,186.5589550000024,190.66274319999934,191.75258559999904,13.061011000001344,12.648092400000621,12.442864000000498,12.558936000001353,12.91689379999994,12.988952400000642,0.00658500000128015,0.006174800000025016,0.005798000000112324,0.0061389999999050815,0.0065402000004155525,0.006562600000847851,0.4515179999984298,0.38733300000117765,0.3508200000013062,0.37873000000132606,0.42980919999990874,0.44066359999916926,59.83333400000035,53.73985799999944,45.05788899999885,56.38685399999943,59.52304400000017,59.67818900000026,158.71988299999984,146.16425940000042,127.24182000000184,152.55155600000236,158.22096540000032,158.47042420000008,779.2952620000016,732.9718922000013,682.8248470000027,740.0230110000017,767.716552000001,773.5059070000012,0.0,0.0
9420.0,75.5,80.0,1990.954499982763,1949.1281399969012,1922.3607999738306,1941.3463000091724,1979.0054199867882,1984.9799599847756,5,0.0,0.0,0.0,0.0,0,target_tokens_json_html_ratio,0.0,0.0,79101.0,0.0,0.0,0.0,0.0,8.0,40.0,20949.0,8.0,40.0,0.039999999999999994,837.0,0.08544560599551292,1790.0,69738.0,,0.0,68782.0,0.08544560599551287,19159.0,20949.0,1790.0,1697.1427129999981,1678.459557999998,1650.3777589999977,1681.7979639999976,1694.5551177999973,1695.8489153999978,0.0,0.0,5,0.0,16057.0,0.0,16000,424.3543790000004,413.9273272000011,392.9980750000013,420.9420709999989,423.94094340000237,424.1476612000014,719.129095999996,716.6735225999986,713.9677680000035,716.1683209999978,719.0272587999928,719.0781773999944,49.5143440000021,49.163555600000564,48.76864700000283,49.08170699999914,49.48365440000089,49.49899920000149,0.00683300000048348,0.006418999999624475,0.006149000000732485,0.0063610000005098755,0.006714200000601522,0.006773600000542501,1.2229530000027466,1.214660400001577,1.2015950000012765,1.2191049999970005,1.2217090000021358,1.2223310000024412,88.69682499999954,86.02559019999916,83.2195690000006,85.69209699999902,87.9798409999978,88.33833299999867,254.81774699999704,248.59759699999842,245.63888299999803,246.6830540000018,252.88489899999576,253.8513229999964,1697.1427129999981,1678.459557999998,1650.3777589999977,1681.7979639999976,1694.5551177999973,1695.8489153999978,0.0,0.0
9420.0,77.93548387096774,80.0,6783.615899970755,6613.780679996125,6331.205299997237,6763.568599999417,6777.3813399951905,6780.498619982973,5,0.0,0.0,0.0,0.0,0,target_tokens_json_html_ratio,0.0,0.0,315567.0,0.0,0.0,0.0,0.0,31.0,155.0,84611.0,31.0,155.0,0.039999999999999994,3384.0,0.08407890227039037,7114.0,278118.0,,0.0,274379.0,0.08407890227039039,77497.0,84611.0,7114.0,6336.896928999998,6160.480811799998,5871.128663999997,6275.364429999996,6326.589903399998,6331.743416199998,0.0,0.0,5,0.0,64075.0,0.0,64000,985.6070809999977,974.3294953999979,944.9238719999969,980.5816889999974,985.3067721999963,985.4569265999969,2907.9341819999768,2886.5030747999795,2832.073279000028,2894.0718819999697,2907.819214799977,2907.876698399977,210.41383699999727,200.8066348000014,198.09496000000593,198.2339950000096,205.91660179999707,208.16521939999717,0.007535000001723802,0.007262600001922692,0.006999999996537554,0.0072360000018534265,0.007486600004824595,0.007510800003274198,4.5820060000068,4.553015000000471,4.530776999999375,4.5562459999999305,4.574315600004297,4.5781608000055485,273.60888099999414,265.03524060000245,259.3418090000057,262.0028839999975,271.84345379999826,272.7261673999962,804.0563280000085,769.032122400003,724.9413769999933,771.4317510000086,793.9572648000067,799.0067964000075,6336.896928999998,6160.480811799998,5871.128663999997,6275.364429999996,6326.589903399998,6331.743416199998,0.0,0.0
