analytics,apply_deterministic_transforms,attribution_residual_tokens,candidateOpportunities,case_id,chunk_chars_max,chunk_placeholder_avg,chunk_placeholder_max,client_wall_ms,cohort_id,compressible_segment_count,compression_mode,compression_path,condition_aggressiveness,condition_id,deterministicGateReasons,deterministic_reduction,deterministic_tokens_saved,diagnostics_present,duplicate_block_candidate_count,duplicate_block_candidate_tokens,error,fallback_reason,fallback_used,final_text,html_chars,html_markdown_tokens_saved,html_ratio_target,http_status,input_chars,integrity,json_chars,json_minify_tokens_saved,json_ratio_target,label_key_type,label_region,label_service,literal_placeholder_count,literal_placeholder_tokens_saved,llmlingua_call_count,llmlingua_called,measured,model,model_candidate_tokens,model_chunk_count,model_expected_incremental_reduction,model_expected_incremental_savings_tokens,model_gate_decision,model_gate_reason,model_incremental_reduction,model_incremental_tokens_saved,model_input_chars,model_projected_latency_ms,model_segment_count,nocompress_wrapper_tokens_saved,original_sha256,original_text,output_chars,placeholder_count,prompt_id,prompt_sha256,provenance,reduction,repeat,requested_compression_mode,response_compressed_tokens,response_original_tokens,response_tokens_saved,schema_version,segment_count,segment_kinds_json,server_elapsed_ms,skipped_model_chunk_count,skipped_segment_count,stages,status,synthetic_html_tokens,synthetic_input_tokens,synthetic_json_ratio,synthetic_json_tokens,target_rate,target_tokens,timing_diagnostics_ms,timing_force_drop_ms,timing_force_tokens_ms,timing_llmlingua_ms,timing_model_expand_ms,timing_model_gate_ms,timing_model_input_ms,timing_model_load_ms,timing_other_ms,timing_placeholder_validation_ms,timing_preprocessing_ms,timing_segment_selection_ms,timing_target_rate_ms,timing_token_estimate_ms,timing_total_ms,timing_uncompressed_expand_ms,token_estimator,toon_tokens_saved,whitespace_tokens_saved
{},True,0,{},tok256_json0p0_html0p0,0,0.0,0,808.1034999995609,cohort-83f5b11998ad9e14,1,deterministic,deterministic_only,,deterministic,{},0.0,0,True,0,0,,,False,"You are a support operations analyst preparing an escalation brief.

Preserve customer IDs, URLs, dates, retry limits, and hard constraints.

Summarize risk, identify likely blockers, and propose next actions.

Incident INC-000000 shows queue latency, retry pressure, payment authorization drift, account owner follow-up, contract deadline 2026-07-15, dashboard https://example.com/run/000000, and support notes requiring concise executive summary with exact identifiers. Incident INC-000001 shows queue latency, retry pressure, payment authorization drift, account owner follow-up, contract deadline 2026-07-15, dashboard https://example.com/run/000001, and support notes requiring concise executive summary with exact identifiers. Incident INC-000002 shows queue latency, retry pressure, payment authorization drift, account owner follow-up, contract deadline 2026-07-15, dashboard https://example.com/run/000002, and support notes requiring concise executive summary with exact identifiers. Incident INC-000003 shows queue latency, retry pressure, payment authorization drift, account owner follow-up, contract deadline 2026-07-15, dashboard https://example.com/run/000003, and support notes requiring concise executive summary with exact identifiers. Incident INC-000004 shows queue latency, retry pressure, payment authorization drift, account owner follow-up, contract deadline 2026-07-15, dashboard https://example.com/run/000004, and support notes requiring concise executive summary with exact identifiers.

Output: executive summary, blockers and owner, next three actions.",0,0,0.0,200,1584,{},0,0,0.0,universal,us-central1,edge,0,0,0,False,True,microsoft/llmlingua-2-bert-base-multilingual-cased-meetingbank,407,0,0.0,0,skip,llmlingua_skipped_mode_deterministic,0.0,0,0,,1,0,d7c2cf201643e037cfcdc242de22b510243f19374909e05a16d41ee60ee77a8b,"You are a support operations analyst preparing an escalation brief.

Preserve customer IDs, URLs, dates, retry limits, and hard constraints.

Summarize risk, identify likely blockers, and propose next actions.

Incident INC-000000 shows queue latency, retry pressure, payment authorization drift, account owner follow-up, contract deadline 2026-07-15, dashboard https://example.com/run/000000, and support notes requiring concise executive summary with exact identifiers. Incident INC-000001 shows queue latency, retry pressure, payment authorization drift, account owner follow-up, contract deadline 2026-07-15, dashboard https://example.com/run/000001, and support notes requiring concise executive summary with exact identifiers. Incident INC-000002 shows queue latency, retry pressure, payment authorization drift, account owner follow-up, contract deadline 2026-07-15, dashboard https://example.com/run/000002, and support notes requiring concise executive summary with exact identifiers. Incident INC-000003 shows queue latency, retry pressure, payment authorization drift, account owner follow-up, contract deadline 2026-07-15, dashboard https://example.com/run/000003, and support notes requiring concise executive summary with exact identifiers. Incident INC-000004 shows queue latency, retry pressure, payment authorization drift, account owner follow-up, contract deadline 2026-07-15, dashboard https://example.com/run/000004, and support notes requiring concise executive summary with exact identifiers. 

Output: executive summary, blockers and owner, next three actions.",1583,0,tok256_json0p0_html0p0,d7c2cf201643e037cfcdc242de22b510243f19374909e05a16d41ee60ee77a8b,{},0.0,1,deterministic,407,407,0,benchmark.v3,1,"{""prose"": 1}",16.051277999991953,0,0,"{'deterministicText': None, 'deterministicSha256': None, 'deterministicCharacters': None, 'deterministicTokens': None, 'deterministicTokensSaved': None, 'deterministicTransforms': [], 'modelInputSha256': None, 'finalSha256': None, 'modelIncrementalTokensSaved': None, 'modelCalled': None}",ok,0,316,0.0,0,0.8625,256,5.6069480000076055,0.0017890000094666902,0.0,0.0,0.0,0.048743000007789306,0.0,0.0,0.12683199994967254,0.0,0.12861100000804981,6.9550310000181526,0.006668999986914059,3.163076999982195,16.051277999991953,0.013578000022107517,huggingface:microsoft/llmlingua-2-bert-base-multilingual-cased-meetingbank,0,0
